START, 10_23_2012, 23:00:51.629
SAVE, QuizResults.csv
NEXT, 10_23_2012, 23:00:56.844
QUIT
CLOSE, 10_23_2012, 23:01:01.014
START, 11_16_2012, 13:56:48.807
SAVE, QuizResults.csv
NEXT, 11_16_2012, 13:56:55.459
QUIT
CLOSE, 11_16_2012, 13:57:00.184
START, 11_16_2012, 13:57:21.586
SAVE, QuizResults.csv
NEXT, 11_16_2012, 13:57:28.124
QUIT
CLOSE, 11_16_2012, 13:57:31.881
START, 11_16_2012, 13:57:38.334
SAVE, QuizResults.csv
NEXT, 11_16_2012, 13:57:39.843
QUIT
CLOSE, 11_16_2012, 14:36:29.572
START, 11_16_2012, 14:37:20.680
SAVE, QuizResults.csv
NEXT, 11_16_2012, 14:37:22.206
QUIT
CLOSE, 11_16_2012, 14:39:59.122
START, 11_16_2012, 14:46:28.779
SAVE, QuizResults.csv
NEXT, 11_16_2012, 14:46:30.224
QUIT
CLOSE, 11_16_2012, 14:48:20.852
START, 11_16_2012, 14:48:35.338
SAVE, QuizResults.csv
NEXT, 11_16_2012, 14:48:36.789
QUIT
CLOSE, 11_16_2012, 14:49:01.081
START, 11_16_2012, 14:49:04.611
SAVE, QuizResults.csv
NEXT, 11_16_2012, 14:49:05.926
QUIT
CLOSE, 11_16_2012, 14:49:59.934
START, 11_16_2012, 14:50:03.647
SAVE, QuizResults.csv
NEXT, 11_16_2012, 14:50:05.080
QUIT
CLOSE, 11_16_2012, 14:51:43.299
START, 11_16_2012, 14:51:46.608
SAVE, QuizResults.csv
NEXT, 11_16_2012, 14:51:48.002
QUIT
CLOSE, 11_16_2012, 14:52:26.651
START, 11_16_2012, 14:52:32.206
SAVE, QuizResults.csv
NEXT, 11_16_2012, 14:52:33.682
QUIT
CLOSE, 11_16_2012, 14:53:02.232
START, 11_16_2012, 14:53:07.803
SAVE, QuizResults.csv
NEXT, 11_16_2012, 14:53:12.539
QUIT
CLOSE, 11_16_2012, 14:53:15.064
START, 11_16_2012, 14:53:21.634
SAVE, QuizResults.csv
NEXT, 11_16_2012, 14:53:26.011
QUIT
CLOSE, 11_16_2012, 14:53:28.215
START, 11_16_2012, 14:53:36.767
SAVE, QuizResults.csv
NEXT, 11_16_2012, 14:53:38.225
QUIT
CLOSE, 11_16_2012, 14:55:03.758
START, 11_16_2012, 14:59:49.840
SAVE, QuizResults.csv
NEXT, 11_16_2012, 14:59:51.308
QUIT
CLOSE, 11_16_2012, 15:07:42.279
START, 11_16_2012, 15:07:46.990
SAVE, QuizResults.csv
NEXT, 11_16_2012, 15:07:48.508
QUIT
CLOSE, 11_16_2012, 15:11:05.982
START, 11_25_2012, 18:23:19.916
SAVE, QuizResults.csv
NEXT, 11_25_2012, 18:23:21.434
QUIT
CLOSE, 11_25_2012, 18:23:38.223
START, 11_25_2012, 18:23:51.143
SAVE, QuizResults.csv
NEXT, 11_25_2012, 18:23:56.505
QUIT
CLOSE, 11_25_2012, 18:23:58.341
START, 11_25_2012, 18:24:22.468
SAVE, QuizResults.csv
NEXT, 11_25_2012, 18:24:27.528
QUIT
CLOSE, 11_25_2012, 18:24:45.205
START, 11_25_2012, 18:36:29.580
SAVE, QuizResults.csv
NEXT, 11_25_2012, 18:36:44.180
QUIT
CLOSE, 11_25_2012, 18:36:45.797
START, 11_25_2012, 19:58:40.508
SAVE, QuizResults.csv
NEXT, 11_25_2012, 19:58:45.116
QUIT
CLOSE, 11_25_2012, 19:58:51.629
START, 11_25_2012, 19:59:05.783
SAVE, QuizResults.csv
NEXT, 11_25_2012, 19:59:21.286
CLOSE, 11_25_2012, 19:59:23.874
START, 11_25_2012, 19:59:44.699
SAVE, QuizResults.csv
NEXT, 11_25_2012, 19:59:49.094
QUIT
CLOSE, 11_25_2012, 19:59:50.207
START, 11_25_2012, 20:00:02.101
SAVE, QuizResults.csv
NEXT, 11_25_2012, 20:00:10.641
CLOSE, 11_25_2012, 20:00:18.558
START, 11_25_2012, 20:00:27.125
SAVE, QuizResults.csv
NEXT, 11_25_2012, 20:00:32.784
QUIT
CLOSE, 11_25_2012, 20:00:38.215
START, 11_25_2012, 20:04:58.545
SAVE, QuizResults.csv
NEXT, 11_25_2012, 20:05:03.689
QUIT
CLOSE, 11_25_2012, 20:05:06.435
START, 11_25_2012, 20:07:19.504
SAVE, QuizResults.csv
NEXT, 11_25_2012, 20:07:26.301
QUIT
CLOSE, 11_25_2012, 20:07:38.988
START, 11_25_2012, 20:10:06.683
SAVE, QuizResults.csv
NEXT, 11_25_2012, 20:10:11.100
START, 11_25_2012, 20:10:40.117
SAVE, QuizResults.csv
NEXT, 11_25_2012, 20:10:41.519
QUIT
CLOSE, 11_25_2012, 20:12:06.203
START, 11_25_2012, 20:13:20.483
SAVE, QuizResults.csv
NEXT, 11_25_2012, 20:13:28.313
START, 11_25_2012, 20:14:11.000
SAVE, QuizResults.csv
NEXT, 11_25_2012, 20:14:17.614
QUIT
CLOSE, 11_25_2012, 20:14:20.404
START, 11_25_2012, 20:15:06.498
SAVE, QuizResults.csv
NEXT, 11_25_2012, 20:15:10.580
START, 11_25_2012, 20:15:21.936
SAVE, QuizResults.csv
NEXT, 11_25_2012, 20:15:23.439
QUIT
CLOSE, 11_25_2012, 20:15:41.038
START, 11_25_2012, 20:16:00.551
SAVE, QuizResults.csv
NEXT, 11_25_2012, 20:16:02.043
QUIT
CLOSE, 11_25_2012, 20:16:13.328
START, 11_25_2012, 20:16:20.438
SAVE, QuizResults.csv
NEXT, 11_25_2012, 20:16:21.947
QUIT
CLOSE, 11_25_2012, 20:16:37.492
START, 11_25_2012, 20:16:49.292
SAVE, QuizResults.csv
NEXT, 11_25_2012, 20:16:50.779
QUIT
CLOSE, 11_25_2012, 20:17:02.974
START, 11_25_2012, 20:17:09.462
SAVE, QuizResults.csv
NEXT, 11_25_2012, 20:17:10.967
QUIT
CLOSE, 11_25_2012, 20:17:26.872
START, 11_25_2012, 20:28:47.878
SAVE, QuizResults.csv
NEXT, 11_25_2012, 20:29:03.641
START, 11_25_2012, 20:29:12.008
SAVE, QuizResults.csv
NEXT, 11_25_2012, 20:29:13.506
QUIT
CLOSE, 11_25_2012, 20:29:24.840
START, 12_06_2012, 20:41:07.701
SAVE, QuizResults.csv
NEXT, 12_06_2012, 20:41:18.400
QUIT
CLOSE, 12_06_2012, 20:41:34.956
START, 12_06_2012, 20:41:47.648
SAVE, QuizResults.csv
NEXT, 12_06_2012, 20:41:48.974
QUIT
CLOSE, 12_06_2012, 20:42:10.936
START, 12_13_2012, 21:18:26.432
SAVE, QuizResults.csv
NEXT, 12_13_2012, 21:18:30.734
QUIT
CLOSE, 12_13_2012, 21:18:33.926
START, 12_13_2012, 21:19:01.011
SAVE, QuizResults.csv
NEXT, 12_13_2012, 21:19:02.313
START, 12_13_2012, 21:32:30.572
SAVE, QuizResults.csv
NEXT, 12_13_2012, 21:32:31.824
QUIT
CLOSE, 12_13_2012, 21:32:39.816
START, 12_13_2012, 21:33:15.409
SAVE, QuizResults.csv
NEXT, 12_13_2012, 21:33:17.037
START, 12_13_2012, 21:40:56.803
SAVE, QuizResults.csv
NEXT, 12_13_2012, 21:40:58.349
QUIT
CLOSE, 12_13_2012, 21:41:12.560
START, 12_13_2012, 21:41:24.352
SAVE, QuizResults.csv
NEXT, 12_13_2012, 21:41:25.673
QUIT
CLOSE, 12_13_2012, 21:41:39.248
START, 12_13_2012, 21:41:49.298
SAVE, QuizResults.csv
NEXT, 12_13_2012, 21:41:50.616
QUIT
CLOSE, 12_13_2012, 21:42:18.428
START, 12_15_2012, 08:31:41.354
SAVE, QuizResults.csv
NEXT, 12_15_2012, 08:31:47.356
QUIT
CLOSE, 12_15_2012, 08:31:48.827
START, 12_15_2012, 08:32:11.403
SAVE, QuizResults.csv
NEXT, 12_15_2012, 08:32:12.862
#
# MSG, Question#, Type, -, -, -, Answer, -, Points
SUMMARY, 1, MC, -, -, -, A, -, 10
# MSG, Question#, Box#, Address, Name, SpCnt, Answer, Place, Points, Bonus, Sum, Previous, Current, Standing
RESULTS, 1, 1, 0x5D24BE, Number One, 0, B, 10, 0.00, 0.00, 0.00, 160.00, 160.00, 4
RESULTS, 1, 2, 0x5D420A, Two by Two, 0, B, 9, 0.00, 0.00, 0.00, 140.00, 140.00, 5
RESULTS, 1, 3, 0x5D42F6, Three Crowd, 0, B, 8, 0.00, 0.00, 0.00, 190.00, 190.00, 2
RESULTS, 1, 4, 0x5DA31F, Four or more, 1, B, 6, 0.00, 0.00, 0.00, 190.00, 190.00, 2
RESULTS, 1, 5, 0x5DA26C, Five Alive!, 0, B, 7, 0.00, 0.00, 0.00, 240.00, 240.00, 1
RESULTS, 1, 6, 0x5DA2E2, Six, 0, A, 1, 10.00, 0.00, 10.00, 30.00, 40.00, 8
RESULTS, 1, 7, 0x5DA2EE, Seven Heaven, 0, A, 2, 10.00, 0.00, 10.00, 20.00, 30.00, 10
RESULTS, 1, 8, 0x5D431C, Eight Is Enough, 1, A, 5, 10.00, 0.00, 10.00, 110.00, 120.00, 6
RESULTS, 1, 9, 0x5D41D9, Nine more, 0, A, 4, 10.00, 0.00, 10.00, 80.00, 90.00, 7
RESULTS, 1, 10, 0x5DA327, Ten Hen, 0, A, 3, 10.00, 0.00, 10.00, 30.00, 40.00, 8
RESULTS, 1, 11, 0x5D4200, Eleven Teen, 0, N, 0, 0.00, 0.00, 0.00, 0.00, 0.00, 11
RESULTS, 1, 12, 0x5D4314, Twelve Delve, 0, N, 0, 0.00, 0.00, 0.00, 0.00, 0.00, 11
RESULTS, 1, 13, 0x5D42F2, Thirteen Wirteen, 0, N, 0, 0.00, 0.00, 0.00, 0.00, 0.00, 11
RESULTS, 1, 14, 0x5DA2F5, Fourteen Forts, 0, N, 0, 0.00, 0.00, 0.00, 0.00, 0.00, 11
RESULTS, 1, 15, 0x5D410D, Fifteen Fifths, 0, N, 0, 0.00, 0.00, 0.00, 0.00, 0.00, 11
RESULTS, 1, 16, 0x5D42E0, Sixteen, 0, N, 0, 0.00, 0.00, 0.00, 0.00, 0.00, 11
RESULTS, 1, 17, 0x5DA26B, Seventeen, 0, N, 0, 0.00, 0.00, 0.00, 0.00, 0.00, 11
RESULTS, 1, 18, 0x5D42E7, Eighteen, 0, N, 0, 0.00, 0.00, 0.00, 0.00, 0.00, 11
RESULTS, 1, 19, 0x5DA2A3, Nineteen, 0, N, 0, 0.00, 0.00, 0.00, 0.00, 0.00, 11
RESULTS, 1, 20, 0x5D4301, Twenty Wenty, 0, N, 0, 0.00, 0.00, 0.00, 0.00, 0.00, 11
NEXT, 12_15_2012, 08:33:09.259
#
# MSG, Question#, Type, -, -, -, Answer, -, Points
SUMMARY, 2, MC, -, -, -, B, -, 10
# MSG, Question#, Box#, Address, Name, SpCnt, Answer, Place, Points, Bonus, Sum, Previous, Current, Standing
RESULTS, 2, 1, 0x5D24BE, Number One, 0, B, 9, 10.00, 0.00, 10.00, 160.00, 170.00, 4
RESULTS, 2, 2, 0x5D420A, Two by Two, 0, B, 8, 10.00, 0.00, 10.00, 140.00, 150.00, 5
RESULTS, 2, 3, 0x5D42F6, Three Crowd, 0, B, 10, 10.00, 0.00, 10.00, 190.00, 200.00, 2
RESULTS, 2, 4, 0x5DA31F, Four or more, 1, B, 6, 10.00, 0.00, 10.00, 190.00, 200.00, 2
RESULTS, 2, 5, 0x5DA26C, Five Alive!, 0, B, 7, 10.00, 0.00, 10.00, 240.00, 250.00, 1
RESULTS, 2, 6, 0x5DA2E2, Six, 0, C, 1, 0.00, 0.00, 0.00, 40.00, 40.00, 8
RESULTS, 2, 7, 0x5DA2EE, Seven Heaven, 0, C, 2, 0.00, 0.00, 0.00, 30.00, 30.00, 10
RESULTS, 2, 8, 0x5D431C, Eight Is Enough, 1, C, 3, 0.00, 0.00, 0.00, 120.00, 120.00, 6
RESULTS, 2, 9, 0x5D41D9, Nine more, 0, C, 4, 0.00, 0.00, 0.00, 90.00, 90.00, 7
RESULTS, 2, 10, 0x5DA327, Ten Hen, 0, C, 5, 0.00, 0.00, 0.00, 40.00, 40.00, 8
RESULTS, 2, 11, 0x5D4200, Eleven Teen, 0, N, 0, 0.00, 0.00, 0.00, 0.00, 0.00, 11
RESULTS, 2, 12, 0x5D4314, Twelve Delve, 0, N, 0, 0.00, 0.00, 0.00, 0.00, 0.00, 11
RESULTS, 2, 13, 0x5D42F2, Thirteen Wirteen, 0, N, 0, 0.00, 0.00, 0.00, 0.00, 0.00, 11
RESULTS, 2, 14, 0x5DA2F5, Fourteen Forts, 0, N, 0, 0.00, 0.00, 0.00, 0.00, 0.00, 11
RESULTS, 2, 15, 0x5D410D, Fifteen Fifths, 0, N, 0, 0.00, 0.00, 0.00, 0.00, 0.00, 11
RESULTS, 2, 16, 0x5D42E0, Sixteen, 0, N, 0, 0.00, 0.00, 0.00, 0.00, 0.00, 11
RESULTS, 2, 17, 0x5DA26B, Seventeen, 0, N, 0, 0.00, 0.00, 0.00, 0.00, 0.00, 11
RESULTS, 2, 18, 0x5D42E7, Eighteen, 0, N, 0, 0.00, 0.00, 0.00, 0.00, 0.00, 11
RESULTS, 2, 19, 0x5DA2A3, Nineteen, 0, N, 0, 0.00, 0.00, 0.00, 0.00, 0.00, 11
RESULTS, 2, 20, 0x5D4301, Twenty Wenty, 0, N, 0, 0.00, 0.00, 0.00, 0.00, 0.00, 11
NEXT, 12_15_2012, 08:34:09.582
#
# MSG, Question#, Type, -, -, -, Answer, -, Points
SUMMARY, 3, MC, -, -, -, A, -, 10
# MSG, Question#, Box#, Address, Name, SpCnt, Answer, Place, Points, Bonus, Sum, Previous, Current, Standing
RESULTS, 3, 1, 0x5D24BE, Number One, 0, A, 4, 10.00, 0.00, 10.00, 170.00, 180.00, 4
RESULTS, 3, 2, 0x5D420A, Two by Two, 0, A, 5, 10.00, 0.00, 10.00, 150.00, 160.00, 5
RESULTS, 3, 3, 0x5D42F6, Three Crowd, 0, A, 2, 10.00, 0.00, 10.00, 200.00, 210.00, 2
RESULTS, 3, 4, 0x5DA31F, Four or more, 1, A, 1, 10.00, 0.00, 10.00, 200.00, 210.00, 2
RESULTS, 3, 5, 0x5DA26C, Five Alive!, 0, A, 3, 10.00, 0.00, 10.00, 250.00, 260.00, 1
RESULTS, 3, 6, 0x5DA2E2, Six, 0, B, 6, 0.00, 0.00, 0.00, 40.00, 40.00, 8
RESULTS, 3, 7, 0x5DA2EE, Seven Heaven, 0, B, 8, 0.00, 0.00, 0.00, 30.00, 30.00, 10
RESULTS, 3, 8, 0x5D431C, Eight Is Enough, 1, B, 9, 0.00, 0.00, 0.00, 120.00, 120.00, 6
RESULTS, 3, 9, 0x5D41D9, Nine more, 0, B, 10, 0.00, 0.00, 0.00, 90.00, 90.00, 7
RESULTS, 3, 10, 0x5DA327, Ten Hen, 0, B, 7, 0.00, 0.00, 0.00, 40.00, 40.00, 8
RESULTS, 3, 11, 0x5D4200, Eleven Teen, 0, N, 0, 0.00, 0.00, 0.00, 0.00, 0.00, 11
RESULTS, 3, 12, 0x5D4314, Twelve Delve, 0, N, 0, 0.00, 0.00, 0.00, 0.00, 0.00, 11
RESULTS, 3, 13, 0x5D42F2, Thirteen Wirteen, 0, N, 0, 0.00, 0.00, 0.00, 0.00, 0.00, 11
RESULTS, 3, 14, 0x5DA2F5, Fourteen Forts, 0, N, 0, 0.00, 0.00, 0.00, 0.00, 0.00, 11
RESULTS, 3, 15, 0x5D410D, Fifteen Fifths, 0, N, 0, 0.00, 0.00, 0.00, 0.00, 0.00, 11
RESULTS, 3, 16, 0x5D42E0, Sixteen, 0, N, 0, 0.00, 0.00, 0.00, 0.00, 0.00, 11
RESULTS, 3, 17, 0x5DA26B, Seventeen, 0, N, 0, 0.00, 0.00, 0.00, 0.00, 0.00, 11
RESULTS, 3, 18, 0x5D42E7, Eighteen, 0, N, 0, 0.00, 0.00, 0.00, 0.00, 0.00, 11
RESULTS, 3, 19, 0x5DA2A3, Nineteen, 0, N, 0, 0.00, 0.00, 0.00, 0.00, 0.00, 11
RESULTS, 3, 20, 0x5D4301, Twenty Wenty, 0, N, 0, 0.00, 0.00, 0.00, 0.00, 0.00, 11
NEXT, 12_15_2012, 08:35:08.283
#
# MSG, Question#, Type, -, -, -, Answer, -, Points
SUMMARY, 4, MC, -, -, -, A, -, 10
# MSG, Question#, Box#, Address, Name, SpCnt, Answer, Place, Points, Bonus, Sum, Previous, Current, Standing
RESULTS, 4, 1, 0x5D24BE, Number One, 0, A, 2, 10.00, 0.00, 10.00, 180.00, 190.00, 4
RESULTS, 4, 2, 0x5D420A, Two by Two, 0, C, 1, 0.00, 0.00, 0.00, 160.00, 160.00, 5
RESULTS, 4, 3, 0x5D42F6, Three Crowd, 0, B, 3, 0.00, 0.00, 0.00, 210.00, 210.00, 2
RESULTS, 4, 4, 0x5DA31F, Four or more, 1, B, 4, 0.00, 0.00, 0.00, 210.00, 210.00, 2
RESULTS, 4, 5, 0x5DA26C, Five Alive!, 0, B, 5, 0.00, 0.00, 0.00, 260.00, 260.00, 1
RESULTS, 4, 6, 0x5DA2E2, Six, 0, A, 6, 10.00, 0.00, 10.00, 40.00, 50.00, 8
RESULTS, 4, 7, 0x5DA2EE, Seven Heaven, 0, A, 9, 10.00, 0.00, 10.00, 30.00, 40.00, 9
RESULTS, 4, 8, 0x5D431C, Eight Is Enough, 1, B, 8, 0.00, 0.00, 0.00, 120.00, 120.00, 6
RESULTS, 4, 9, 0x5D41D9, Nine more, 0, C, 10, 0.00, 0.00, 0.00, 90.00, 90.00, 7
RESULTS, 4, 10, 0x5DA327, Ten Hen, 0, B, 7, 0.00, 0.00, 0.00, 40.00, 40.00, 9
RESULTS, 4, 11, 0x5D4200, Eleven Teen, 0, N, 0, 0.00, 0.00, 0.00, 0.00, 0.00, 11
RESULTS, 4, 12, 0x5D4314, Twelve Delve, 0, N, 0, 0.00, 0.00, 0.00, 0.00, 0.00, 11
RESULTS, 4, 13, 0x5D42F2, Thirteen Wirteen, 0, N, 0, 0.00, 0.00, 0.00, 0.00, 0.00, 11
RESULTS, 4, 14, 0x5DA2F5, Fourteen Forts, 0, N, 0, 0.00, 0.00, 0.00, 0.00, 0.00, 11
RESULTS, 4, 15, 0x5D410D, Fifteen Fifths, 0, N, 0, 0.00, 0.00, 0.00, 0.00, 0.00, 11
RESULTS, 4, 16, 0x5D42E0, Sixteen, 0, N, 0, 0.00, 0.00, 0.00, 0.00, 0.00, 11
RESULTS, 4, 17, 0x5DA26B, Seventeen, 0, N, 0, 0.00, 0.00, 0.00, 0.00, 0.00, 11
RESULTS, 4, 18, 0x5D42E7, Eighteen, 0, N, 0, 0.00, 0.00, 0.00, 0.00, 0.00, 11
RESULTS, 4, 19, 0x5DA2A3, Nineteen, 0, N, 0, 0.00, 0.00, 0.00, 0.00, 0.00, 11
RESULTS, 4, 20, 0x5D4301, Twenty Wenty, 0, N, 0, 0.00, 0.00, 0.00, 0.00, 0.00, 11
NEXT, 12_15_2012, 09:25:56.758
#
# MSG, Question#, Type, -, -, -, Answer, -, Points
SUMMARY, 5, MC, -, -, -, A, -, 10
# MSG, Question#, Box#, Address, Name, SpCnt, Answer, Place, Points, Bonus, Sum, Previous, Current, Standing
RESULTS, 5, 1, 0x5D24BE, Number One, 0, B, 8, 0.00, 0.00, 0.00, 190.00, 190.00, 4
RESULTS, 5, 2, 0x5D420A, Two by Two, 0, B, 5, 0.00, 0.00, 0.00, 160.00, 160.00, 5
RESULTS, 5, 3, 0x5D42F6, Three Crowd, 0, C, 4, 0.00, 0.00, 0.00, 210.00, 210.00, 2
RESULTS, 5, 4, 0x5DA31F, Four or more, 1, C, 6, 0.00, 0.00, 0.00, 210.00, 210.00, 2
RESULTS, 5, 5, 0x5DA26C, Five Alive!, 0, C, 7, 0.00, 0.00, 0.00, 260.00, 260.00, 1
RESULTS, 5, 6, 0x5DA2E2, Six, 0, C, 1, 0.00, 0.00, 0.00, 50.00, 50.00, 8
RESULTS, 5, 7, 0x5DA2EE, Seven Heaven, 0, B, 2, 0.00, 0.00, 0.00, 40.00, 40.00, 10
RESULTS, 5, 8, 0x5D431C, Eight Is Enough, 1, A, 3, 10.00, 0.00, 10.00, 120.00, 130.00, 6
RESULTS, 5, 9, 0x5D41D9, Nine more, 0, A, 9, 10.00, 0.00, 10.00, 90.00, 100.00, 7
RESULTS, 5, 10, 0x5DA327, Ten Hen, 0, A, 10, 10.00, 0.00, 10.00, 40.00, 50.00, 8
RESULTS, 5, 11, 0x5D4200, Eleven Teen, 0, N, 0, 0.00, 0.00, 0.00, 0.00, 0.00, 11
RESULTS, 5, 12, 0x5D4314, Twelve Delve, 0, N, 0, 0.00, 0.00, 0.00, 0.00, 0.00, 11
RESULTS, 5, 13, 0x5D42F2, Thirteen Wirteen, 0, N, 0, 0.00, 0.00, 0.00, 0.00, 0.00, 11
RESULTS, 5, 14, 0x5DA2F5, Fourteen Forts, 0, N, 0, 0.00, 0.00, 0.00, 0.00, 0.00, 11
RESULTS, 5, 15, 0x5D410D, Fifteen Fifths, 0, N, 0, 0.00, 0.00, 0.00, 0.00, 0.00, 11
RESULTS, 5, 16, 0x5D42E0, Sixteen, 0, N, 0, 0.00, 0.00, 0.00, 0.00, 0.00, 11
RESULTS, 5, 17, 0x5DA26B, Seventeen, 0, N, 0, 0.00, 0.00, 0.00, 0.00, 0.00, 11
RESULTS, 5, 18, 0x5D42E7, Eighteen, 0, N, 0, 0.00, 0.00, 0.00, 0.00, 0.00, 11
RESULTS, 5, 19, 0x5DA2A3, Nineteen, 0, N, 0, 0.00, 0.00, 0.00, 0.00, 0.00, 11
RESULTS, 5, 20, 0x5D4301, Twenty Wenty, 0, N, 0, 0.00, 0.00, 0.00, 0.00, 0.00, 11
NEXT, 12_15_2012, 09:26:28.029
QUIT
CLOSE, 12_15_2012, 09:27:23.947
START, 12_15_2012, 09:33:00.492
SAVE, QuizResults.csv
NEXT, 12_15_2012, 09:33:01.782
QUIT
CLOSE, 12_15_2012, 09:33:05.174
START, 12_15_2012, 09:33:51.168
SAVE, QuizResults.csv
NEXT, 12_15_2012, 09:33:52.471
QUIT
CLOSE, 12_15_2012, 09:34:34.430
START, 12_15_2012, 09:52:38.563
SAVE, QuizResults.csv
NEXT, 12_15_2012, 09:52:39.847
QUIT
CLOSE, 12_15_2012, 09:52:58.399
START, 12_15_2012, 10:24:11.612
SAVE, QuizResults.csv
NEXT, 12_15_2012, 10:24:13.033
QUIT
CLOSE, 12_15_2012, 10:24:45.618
START, 12_15_2012, 10:25:37.906
SAVE, QuizResults.csv
NEXT, 12_15_2012, 10:25:39.227
#
# MSG, Question#, Type, -, -, -, Answer, -, Points
SUMMARY, 1, MC, -, -, -, A, -, 10
# MSG, Question#, Box#, Address, Name, SpCnt, Answer, Place, Points, Bonus, Sum, Previous, Current, Standing
RESULTS, 1, 1, 0x5D24BE, Number One, 0, A, 8, 10.00, 0.00, 10.00, 190.00, 200.00, 4
RESULTS, 1, 2, 0x5D420A, Two by Two, 0, A, 7, 10.00, 0.00, 10.00, 160.00, 170.00, 5
RESULTS, 1, 3, 0x5D42F6, Three Crowd, 0, B, 9, 0.00, 0.00, 0.00, 210.00, 210.00, 2
RESULTS, 1, 4, 0x5DA31F, Four or more, 1, C, 6, 0.00, 0.00, 0.00, 210.00, 210.00, 2
RESULTS, 1, 5, 0x5DA26C, Five Alive!, 0, C, 10, 0.00, 0.00, 0.00, 260.00, 260.00, 1
RESULTS, 1, 6, 0x5DA2E2, Six, 0, A, 3, 10.00, 0.00, 10.00, 50.00, 60.00, 8
RESULTS, 1, 7, 0x5DA2EE, Seven Heaven, 0, A, 4, 10.00, 0.00, 10.00, 40.00, 50.00, 9
RESULTS, 1, 8, 0x5D431C, Eight Is Enough, 1, C, 5, 0.00, 0.00, 0.00, 130.00, 130.00, 6
RESULTS, 1, 9, 0x5D41D9, Nine more, 0, B, 1, 0.00, 0.00, 0.00, 100.00, 100.00, 7
RESULTS, 1, 10, 0x5DA327, Ten Hen, 0, C, 2, 0.00, 0.00, 0.00, 50.00, 50.00, 9
RESULTS, 1, 11, 0x5D4200, Eleven Teen, 0, N, 0, 0.00, 0.00, 0.00, 0.00, 0.00, 11
RESULTS, 1, 12, 0x5D4314, Twelve Delve, 0, N, 0, 0.00, 0.00, 0.00, 0.00, 0.00, 11
RESULTS, 1, 13, 0x5D42F2, Thirteen Wirteen, 0, N, 0, 0.00, 0.00, 0.00, 0.00, 0.00, 11
RESULTS, 1, 14, 0x5DA2F5, Fourteen Forts, 0, N, 0, 0.00, 0.00, 0.00, 0.00, 0.00, 11
RESULTS, 1, 15, 0x5D410D, Fifteen Fifths, 0, N, 0, 0.00, 0.00, 0.00, 0.00, 0.00, 11
RESULTS, 1, 16, 0x5D42E0, Sixteen, 0, N, 0, 0.00, 0.00, 0.00, 0.00, 0.00, 11
RESULTS, 1, 17, 0x5DA26B, Seventeen, 0, N, 0, 0.00, 0.00, 0.00, 0.00, 0.00, 11
RESULTS, 1, 18, 0x5D42E7, Eighteen, 0, N, 0, 0.00, 0.00, 0.00, 0.00, 0.00, 11
RESULTS, 1, 19, 0x5DA2A3, Nineteen, 0, N, 0, 0.00, 0.00, 0.00, 0.00, 0.00, 11
RESULTS, 1, 20, 0x5D4301, Twenty Wenty, 0, N, 0, 0.00, 0.00, 0.00, 0.00, 0.00, 11
NEXT, 12_15_2012, 10:26:18.518
#
# MSG, Question#, Type, -, -, -, Answer, -, Points
SUMMARY, 2, SP, -, -, -, N, -, 20
# MSG, Question#, Box#, Address, Name, SpCnt, Answer, Place, Points, Bonus, Sum, Previous, Current, Standing
RESULTS, 2, 1, 0x5D24BE, Number One, 0, N, 0, 0.00, 0.00, 0.00, 200.00, 200.00, 4
RESULTS, 2, 2, 0x5D420A, Two by Two, 0, N, 0, 0.00, 0.00, 0.00, 170.00, 170.00, 5
RESULTS, 2, 3, 0x5D42F6, Three Crowd, 0, N, 0, 0.00, 0.00, 0.00, 210.00, 210.00, 2
RESULTS, 2, 4, 0x5DA31F, Four or more, 1, N, 0, 0.00, 0.00, 0.00, 210.00, 210.00, 2
RESULTS, 2, 5, 0x5DA26C, Five Alive!, 0, N, 0, 0.00, 0.00, 0.00, 260.00, 260.00, 1
RESULTS, 2, 6, 0x5DA2E2, Six, 0, N, 0, 0.00, 0.00, 0.00, 60.00, 60.00, 9
RESULTS, 2, 7, 0x5DA2EE, Seven Heaven, 0, N, 0, 0.00, 0.00, 0.00, 50.00, 50.00, 10
RESULTS, 2, 8, 0x5D431C, Eight Is Enough, 1, N, 0, 0.00, 0.00, 0.00, 130.00, 130.00, 6
RESULTS, 2, 9, 0x5D41D9, Nine more, 0, N, 0, 0.00, 0.00, 0.00, 100.00, 100.00, 7
RESULTS, 2, 10, 0x5DA327, Ten Hen, 1, B, 1, 20.00, 0.00, 20.00, 50.00, 70.00, 8
RESULTS, 2, 11, 0x5D4200, Eleven Teen, 0, N, 0, 0.00, 0.00, 0.00, 0.00, 0.00, 11
RESULTS, 2, 12, 0x5D4314, Twelve Delve, 0, N, 0, 0.00, 0.00, 0.00, 0.00, 0.00, 11
RESULTS, 2, 13, 0x5D42F2, Thirteen Wirteen, 0, N, 0, 0.00, 0.00, 0.00, 0.00, 0.00, 11
RESULTS, 2, 14, 0x5DA2F5, Fourteen Forts, 0, N, 0, 0.00, 0.00, 0.00, 0.00, 0.00, 11
RESULTS, 2, 15, 0x5D410D, Fifteen Fifths, 0, N, 0, 0.00, 0.00, 0.00, 0.00, 0.00, 11
RESULTS, 2, 16, 0x5D42E0, Sixteen, 0, N, 0, 0.00, 0.00, 0.00, 0.00, 0.00, 11
RESULTS, 2, 17, 0x5DA26B, Seventeen, 0, N, 0, 0.00, 0.00, 0.00, 0.00, 0.00, 11
RESULTS, 2, 18, 0x5D42E7, Eighteen, 0, N, 0, 0.00, 0.00, 0.00, 0.00, 0.00, 11
RESULTS, 2, 19, 0x5DA2A3, Nineteen, 0, N, 0, 0.00, 0.00, 0.00, 0.00, 0.00, 11
RESULTS, 2, 20, 0x5D4301, Twenty Wenty, 0, N, 0, 0.00, 0.00, 0.00, 0.00, 0.00, 11
NEXT, 12_15_2012, 10:26:41.903
QUIT
CLOSE, 12_15_2012, 10:27:15.249
